TIMEPOINT,N-C,S-N,C-S
1,24.0,-12.0,-12.0
2,28.0,-14.0,-14.0
3,0.0,0.0,0.0
4,0.0,0.0,0.0
5,0.0,0.0,0.0
6,0.0,0.0,0.0
7,0.0,0.0,0.0
8,0.0,0.0,0.0
9,0.0,0.0,0.0
10,0.0,0.0,0.0
11,0.0,0.0,0.0
12,0.0,0.0,0.0
13,0.0,0.0,0.0
14,0.0,0.0,0.0
15,38.6666666667,-19.3333333333,-19.3333333333
16,10.6666666667,-5.33333333333,-5.33333333333
17,0.0,0.0,0.0
18,0.0,0.0,0.0
19,0.0,0.0,0.0
20,0.0,0.0,0.0
21,0.0,0.0,0.0
22,36.0,-18.0,-18.0
23,97.3333333333,-48.6666666667,-48.6666666667
24,92.0,-46.0,-46.0
