TIMEPOINT,C,N,S
1,0.0,1.0,0.0
2,0.0,1.0,0.0
3,0.0,1.0,0.0
4,1.0,0.0,0.0
5,0.0,0.999998473273,0.0
6,0.0,1.00000030535,0.0
7,1.0,0.0,0.0
8,0.0,1.0,0.0
9,1.0,0.0,5.55111512313e-17
10,0.0,0.0,0.0
11,0.0,0.0,0.0
12,0.0,0.0,0.0
13,0.0,1.0,0.0
14,0.0,0.0,0.0
15,0.0,0.0,0.0
16,0.0,0.0,0.0
17,0.0,0.0,0.0
18,0.0,0.0,0.0
19,0.0,0.0,0.0
20,1.0,0.0,0.0
21,0.0,0.0,0.0
22,0.0,1.0,0.0
23,0.0,0.999999,0.0
24,0.0,1.0,0.0
